{
"lengthUnit": "mil",
"remark": [],
"components": {
	"fields": ["COMPONENT_NO", "COMPONENT_NAME", "LAYER", "X_COORDINATE", "Y_COORDINATE", "ANGLE"],
	"rows": [
		[1, "H1", "T", 165, -1515, 180],
		[2, "SW1", "T", 145, -570, 90],
		[3, "USB1", "T", 215, -195, 180],
		[4, "USB2", "T", 770, -195, 180],
		[5, "PAD1", "T", 204.05, -436.14, 0],
		[6, "PAD2", "T", 204.05, -703.86, 0],
		[7, "PAD3", "T", 85.95, -436.14, 0],
		[8, "PAD4", "T", 85.95, -703.86, 0],
		[9, "PAD5", "T", 46.89, -1515, 0],
		[10, "PAD6", "T", 125.63, -1515, 0],
		[11, "PAD7", "T", 204.37, -1515, 0],
		[12, "PAD8", "T", 283.11, -1515, 0],
		[13, "PAD9", "T", 340.985, -288.505, 0],
		[14, "PAD10", "T", 309.485, -288.505, 0],
		[15, "PAD11", "T", 283.895, -288.505, 0],
		[16, "PAD12", "T", 264.205, -288.505, 0],
		[17, "PAD13", "T", 244.525, -288.505, 0],
		[18, "PAD14", "T", 224.845, -288.505, 0],
		[19, "PAD15", "T", 205.155, -288.505, 0],
		[20, "PAD16", "T", 185.475, -288.505, 0],
		[21, "PAD17", "T", 165.785, -288.505, 0],
		[22, "PAD18", "T", 146.095, -288.505, 0],
		[23, "PAD19", "T", 120.505, -288.505, 0],
		[24, "PAD20", "T", 89.015, -288.505, 0],
		[25, "PAD21", "T", 385.275, -266.855, 0],
		[26, "PAD21", "B", 385.275, -266.855, 0],
		[27, "PAD22", "T", 44.725, -266.855, 0],
		[28, "PAD22", "B", 44.725, -266.855, 0],
		[29, "PAD23", "T", 385.275, -101.495, 0],
		[30, "PAD23", "B", 385.275, -101.495, 0],
		[31, "PAD24", "T", 44.725, -101.495, 0],
		[32, "PAD24", "B", 44.725, -101.495, 0],
		[33, "PAD25", "T", 895.985, -288.505, 0],
		[34, "PAD26", "T", 864.485, -288.505, 0],
		[35, "PAD27", "T", 838.895, -288.505, 0],
		[36, "PAD28", "T", 819.205, -288.505, 0],
		[37, "PAD29", "T", 799.525, -288.505, 0],
		[38, "PAD30", "T", 779.845, -288.505, 0],
		[39, "PAD31", "T", 760.155, -288.505, 0],
		[40, "PAD32", "T", 740.475, -288.505, 0],
		[41, "PAD33", "T", 720.785, -288.505, 0],
		[42, "PAD34", "T", 701.095, -288.505, 0],
		[43, "PAD35", "T", 675.505, -288.505, 0],
		[44, "PAD36", "T", 644.015, -288.505, 0],
		[45, "PAD37", "T", 940.275, -266.855, 0],
		[46, "PAD37", "B", 940.275, -266.855, 0],
		[47, "PAD38", "T", 599.725, -266.855, 0],
		[48, "PAD38", "B", 599.725, -266.855, 0],
		[49, "PAD39", "T", 940.275, -101.495, 0],
		[50, "PAD39", "B", 940.275, -101.495, 0],
		[51, "PAD40", "T", 599.725, -101.495, 0],
		[52, "PAD40", "B", 599.725, -101.495, 0]
	]
},
"pins": {
	"fields": ["PIN_NO", "PIN_NAME", "PIN_X", "PIN_Y", "LAYER", "PIN_TYPE", "NET_NAME", "NET_TYPE", "PAD_SHAPE", "PAD_SIZEX", "PAD_SIZEY", "HOLE_SIZE", "HOLE_LEN", "PAD_ANGLE"],
	"rows": [
		[1, "H1_1", 283.11, -1515, "T", "SMD", "$1N1297", "", "R", 31.496, 86.614, 0, 0, 180],
		[2, "H1_2", 204.37, -1515, "T", "SMD", "$1N1398", "", "R", 31.496, 86.614, 0, 0, 180],
		[3, "H1_3", 125.63, -1515, "T", "SMD", "$1N1394", "", "R", 31.496, 86.614, 0, 0, 180],
		[4, "H1_4", 46.89, -1515, "T", "SMD", "+5V", "", "R", 31.496, 86.614, 0, 0, 180],
		[5, "SW1_1", 85.95, -703.86, "T", "SMD", "$1N1394", "", "R", 55.118, 35.433, 0, 0, 90],
		[6, "SW1_2", 85.95, -436.14, "T", "SMD", "GND", "GND", "R", 55.118, 35.433, 0, 0, 90],
		[7, "SW1_3", 204.05, -703.86, "T", "SMD", "$1N1398", "", "R", 55.118, 35.433, 0, 0, 90],
		[8, "SW1_4", 204.05, -436.14, "T", "SMD", "$1N1287", "", "R", 55.118, 35.433, 0, 0, 90],
		[9, "USB1_1", 340.985, -288.505, "T", "SMD", "GND", "GND", "R", 21.654, 43.307, 0, 0, 180],
		[10, "USB1_2", 309.485, -288.505, "T", "SMD", "+5V", "", "R", 21.654, 43.307, 0, 0, 180],
		[11, "USB1_3", 283.895, -288.505, "T", "SMD", "$1N1185", "", "R", 11.811, 43.307, 0, 0, 180],
		[12, "USB1_4", 264.205, -288.505, "T", "SMD", "$1N1163", "", "R", 11.811, 43.307, 0, 0, 180],
		[13, "USB1_5", 244.525, -288.505, "T", "SMD", "$1N1297", "", "R", 11.811, 43.307, 0, 0, 180],
		[14, "USB1_6", 224.845, -288.505, "T", "SMD", "$1N1287", "", "R", 11.811, 43.307, 0, 0, 180],
		[15, "USB1_7", 205.155, -288.505, "T", "SMD", "$1N1297", "", "R", 11.811, 43.307, 0, 0, 180],
		[16, "USB1_8", 185.475, -288.505, "T", "SMD", "$1N1287", "", "R", 11.811, 43.307, 0, 0, 180],
		[17, "USB1_9", 165.785, -288.505, "T", "SMD", "$1N1138", "", "R", 11.811, 43.307, 0, 0, 180],
		[18, "USB1_10", 146.095, -288.505, "T", "SMD", "$1N1127", "", "R", 11.811, 43.307, 0, 0, 180],
		[19, "USB1_11", 120.505, -288.505, "T", "SMD", "+5V", "", "R", 21.654, 43.307, 0, 0, 180],
		[20, "USB1_12", 89.015, -288.505, "T", "SMD", "GND", "GND", "R", 21.654, 43.307, 0, 0, 180],
		[21, "USB1_13", 385.275, -266.855, "T", "DIP", "GND", "GND", "O", 43.307, 78.74, 23.622, 59.055, 180],
		[22, "USB1_13", 385.275, -266.855, "B", "DIP", "GND", "GND", "O", 43.307, 78.74, 23.622, 59.055, 180],
		[23, "USB1_13", 385.275, -101.495, "T", "DIP", "GND", "GND", "O", 47.244, 70.866, 23.622, 47.244, 180],
		[24, "USB1_13", 385.275, -101.495, "B", "DIP", "GND", "GND", "O", 47.244, 70.866, 23.622, 47.244, 180],
		[25, "USB1_14", 44.725, -266.855, "T", "DIP", "GND", "GND", "O", 43.307, 78.74, 23.622, 59.056, 180],
		[26, "USB1_14", 44.725, -266.855, "B", "DIP", "GND", "GND", "O", 43.307, 78.74, 23.622, 59.056, 180],
		[27, "USB1_14", 44.725, -101.495, "T", "DIP", "GND", "GND", "O", 47.244, 70.866, 23.622, 47.244, 180],
		[28, "USB1_14", 44.725, -101.495, "B", "DIP", "GND", "GND", "O", 47.244, 70.866, 23.622, 47.244, 180],
		[29, "USB2_1", 895.985, -288.505, "T", "SMD", "GND", "GND", "R", 21.654, 43.307, 0, 0, 180],
		[30, "USB2_2", 864.485, -288.505, "T", "SMD", "+5V", "", "R", 21.654, 43.307, 0, 0, 180],
		[31, "USB2_3", 838.895, -288.505, "T", "SMD", "$1N1185", "", "R", 11.811, 43.307, 0, 0, 180],
		[32, "USB2_4", 819.205, -288.505, "T", "SMD", "$1N1163", "", "R", 11.811, 43.307, 0, 0, 180],
		[33, "USB2_5", 799.525, -288.505, "T", "SMD", "$1N1297", "", "R", 11.811, 43.307, 0, 0, 180],
		[34, "USB2_6", 779.845, -288.505, "T", "SMD", "$1N1287", "", "R", 11.811, 43.307, 0, 0, 180],
		[35, "USB2_7", 760.155, -288.505, "T", "SMD", "$1N1297", "", "R", 11.811, 43.307, 0, 0, 180],
		[36, "USB2_8", 740.475, -288.505, "T", "SMD", "$1N1287", "", "R", 11.811, 43.307, 0, 0, 180],
		[37, "USB2_9", 720.785, -288.505, "T", "SMD", "$1N1138", "", "R", 11.811, 43.307, 0, 0, 180],
		[38, "USB2_10", 701.095, -288.505, "T", "SMD", "$1N1127", "", "R", 11.811, 43.307, 0, 0, 180],
		[39, "USB2_11", 675.505, -288.505, "T", "SMD", "+5V", "", "R", 21.654, 43.307, 0, 0, 180],
		[40, "USB2_12", 644.015, -288.505, "T", "SMD", "GND", "GND", "R", 21.654, 43.307, 0, 0, 180],
		[41, "USB2_13", 940.275, -266.855, "T", "DIP", "GND", "GND", "O", 43.307, 78.74, 23.622, 59.055, 180],
		[42, "USB2_13", 940.275, -266.855, "B", "DIP", "GND", "GND", "O", 43.307, 78.74, 23.622, 59.055, 180],
		[43, "USB2_13", 940.275, -101.495, "T", "DIP", "GND", "GND", "O", 47.244, 70.866, 23.622, 47.244, 180],
		[44, "USB2_13", 940.275, -101.495, "B", "DIP", "GND", "GND", "O", 47.244, 70.866, 23.622, 47.244, 180],
		[45, "USB2_14", 599.725, -266.855, "T", "DIP", "GND", "GND", "O", 43.307, 78.74, 23.622, 59.056, 180],
		[46, "USB2_14", 599.725, -266.855, "B", "DIP", "GND", "GND", "O", 43.307, 78.74, 23.622, 59.056, 180],
		[47, "USB2_14", 599.725, -101.495, "T", "DIP", "GND", "GND", "O", 47.244, 70.866, 23.622, 47.244, 180],
		[48, "USB2_14", 599.725, -101.495, "B", "DIP", "GND", "GND", "O", 47.244, 70.866, 23.622, 47.244, 180],
		[49, "PAD1_4", 204.05, -436.14, "T", "SMD", "$1N1287", "", "R", 55.118, 35.433, 0, 0, 90],
		[50, "PAD2_3", 204.05, -703.86, "T", "SMD", "$1N1398", "", "R", 55.118, 35.433, 0, 0, 90],
		[51, "PAD3_2", 85.95, -436.14, "T", "SMD", "GND", "GND", "R", 55.118, 35.433, 0, 0, 90],
		[52, "PAD4_1", 85.95, -703.86, "T", "SMD", "$1N1394", "", "R", 55.118, 35.433, 0, 0, 90],
		[53, "PAD5_4", 46.89, -1515, "T", "SMD", "+5V", "", "R", 31.496, 86.614, 0, 0, 180],
		[54, "PAD6_3", 125.63, -1515, "T", "SMD", "$1N1394", "", "R", 31.496, 86.614, 0, 0, 180],
		[55, "PAD7_2", 204.37, -1515, "T", "SMD", "$1N1398", "", "R", 31.496, 86.614, 0, 0, 180],
		[56, "PAD8_1", 283.11, -1515, "T", "SMD", "$1N1297", "", "R", 31.496, 86.614, 0, 0, 180],
		[57, "PAD9_1", 340.985, -288.505, "T", "SMD", "GND", "GND", "R", 21.654, 43.307, 0, 0, 180],
		[58, "PAD10_2", 309.485, -288.505, "T", "SMD", "+5V", "", "R", 21.654, 43.307, 0, 0, 180],
		[59, "PAD11_3", 283.895, -288.505, "T", "SMD", "$1N1185", "", "R", 11.811, 43.307, 0, 0, 180],
		[60, "PAD12_4", 264.205, -288.505, "T", "SMD", "$1N1163", "", "R", 11.811, 43.307, 0, 0, 180],
		[61, "PAD13_5", 244.525, -288.505, "T", "SMD", "$1N1297", "", "R", 11.811, 43.307, 0, 0, 180],
		[62, "PAD14_6", 224.845, -288.505, "T", "SMD", "$1N1287", "", "R", 11.811, 43.307, 0, 0, 180],
		[63, "PAD15_7", 205.155, -288.505, "T", "SMD", "$1N1297", "", "R", 11.811, 43.307, 0, 0, 180],
		[64, "PAD16_8", 185.475, -288.505, "T", "SMD", "$1N1287", "", "R", 11.811, 43.307, 0, 0, 180],
		[65, "PAD17_9", 165.785, -288.505, "T", "SMD", "$1N1138", "", "R", 11.811, 43.307, 0, 0, 180],
		[66, "PAD18_10", 146.095, -288.505, "T", "SMD", "$1N1127", "", "R", 11.811, 43.307, 0, 0, 180],
		[67, "PAD19_11", 120.505, -288.505, "T", "SMD", "+5V", "", "R", 21.654, 43.307, 0, 0, 180],
		[68, "PAD20_12", 89.015, -288.505, "T", "SMD", "GND", "GND", "R", 21.654, 43.307, 0, 0, 180],
		[69, "PAD21_13", 385.275, -266.855, "T", "DIP", "GND", "GND", "O", 43.307, 78.74, 23.622, 59.055, 180],
		[70, "PAD21_13", 385.275, -266.855, "B", "DIP", "GND", "GND", "O", 43.307, 78.74, 23.622, 59.055, 180],
		[71, "PAD22_14", 44.725, -266.855, "T", "DIP", "GND", "GND", "O", 43.307, 78.74, 23.622, 59.056, 180],
		[72, "PAD22_14", 44.725, -266.855, "B", "DIP", "GND", "GND", "O", 43.307, 78.74, 23.622, 59.056, 180],
		[73, "PAD23_13", 385.275, -101.495, "T", "DIP", "GND", "GND", "O", 47.244, 70.866, 23.622, 47.244, 180],
		[74, "PAD23_13", 385.275, -101.495, "B", "DIP", "GND", "GND", "O", 47.244, 70.866, 23.622, 47.244, 180],
		[75, "PAD24_14", 44.725, -101.495, "T", "DIP", "GND", "GND", "O", 47.244, 70.866, 23.622, 47.244, 180],
		[76, "PAD24_14", 44.725, -101.495, "B", "DIP", "GND", "GND", "O", 47.244, 70.866, 23.622, 47.244, 180],
		[77, "PAD25_1", 895.985, -288.505, "T", "SMD", "GND", "GND", "R", 21.654, 43.307, 0, 0, 180],
		[78, "PAD26_2", 864.485, -288.505, "T", "SMD", "+5V", "", "R", 21.654, 43.307, 0, 0, 180],
		[79, "PAD27_3", 838.895, -288.505, "T", "SMD", "$1N1185", "", "R", 11.811, 43.307, 0, 0, 180],
		[80, "PAD28_4", 819.205, -288.505, "T", "SMD", "$1N1163", "", "R", 11.811, 43.307, 0, 0, 180],
		[81, "PAD29_5", 799.525, -288.505, "T", "SMD", "$1N1297", "", "R", 11.811, 43.307, 0, 0, 180],
		[82, "PAD30_6", 779.845, -288.505, "T", "SMD", "$1N1287", "", "R", 11.811, 43.307, 0, 0, 180],
		[83, "PAD31_7", 760.155, -288.505, "T", "SMD", "$1N1297", "", "R", 11.811, 43.307, 0, 0, 180],
		[84, "PAD32_8", 740.475, -288.505, "T", "SMD", "$1N1287", "", "R", 11.811, 43.307, 0, 0, 180],
		[85, "PAD33_9", 720.785, -288.505, "T", "SMD", "$1N1138", "", "R", 11.811, 43.307, 0, 0, 180],
		[86, "PAD34_10", 701.095, -288.505, "T", "SMD", "$1N1127", "", "R", 11.811, 43.307, 0, 0, 180],
		[87, "PAD35_11", 675.505, -288.505, "T", "SMD", "+5V", "", "R", 21.654, 43.307, 0, 0, 180],
		[88, "PAD36_12", 644.015, -288.505, "T", "SMD", "GND", "GND", "R", 21.654, 43.307, 0, 0, 180],
		[89, "PAD37_13", 940.275, -266.855, "T", "DIP", "GND", "GND", "O", 43.307, 78.74, 23.622, 59.055, 180],
		[90, "PAD37_13", 940.275, -266.855, "B", "DIP", "GND", "GND", "O", 43.307, 78.74, 23.622, 59.055, 180],
		[91, "PAD38_14", 599.725, -266.855, "T", "DIP", "GND", "GND", "O", 43.307, 78.74, 23.622, 59.056, 180],
		[92, "PAD38_14", 599.725, -266.855, "B", "DIP", "GND", "GND", "O", 43.307, 78.74, 23.622, 59.056, 180],
		[93, "PAD39_13", 940.275, -101.495, "T", "DIP", "GND", "GND", "O", 47.244, 70.866, 23.622, 47.244, 180],
		[94, "PAD39_13", 940.275, -101.495, "B", "DIP", "GND", "GND", "O", 47.244, 70.866, 23.622, 47.244, 180],
		[95, "PAD40_14", 599.725, -101.495, "T", "DIP", "GND", "GND", "O", 47.244, 70.866, 23.622, 47.244, 180],
		[96, "PAD40_14", 599.725, -101.495, "B", "DIP", "GND", "GND", "O", 47.244, 70.866, 23.622, 47.244, 180]
	]
}
}